{
  "project_info": {
    "project_number": "1014560344616",
    "project_id": "mobdev-mco",
    "storage_bucket": "mobdev-mco.appspot.com"
  },
  "client": [
    {
      "client_info": {
        "mobilesdk_app_id": "1:1014560344616:android:6c92335d9075a8b2a1431d",
        "android_client_info": {
          "package_name": "ph.edu.dlsu.mobdeve.santiago.ram.mco"
        }
      },
      "oauth_client": [
        {
          "client_id": "1014560344616-0i2vhcg42npr6o3sfo6622tma2f8jo34.apps.googleusercontent.com",
          "client_type": 3
        }
      ],
      "api_key": [
        {
          "current_key": "AIzaSyCUNcyfqargK78W-RkhfjQDn8NE1WheV4Y"
        }
      ],
      "services": {
        "appinvite_service": {
          "other_platform_oauth_client": [
            {
              "client_id": "1014560344616-0i2vhcg42npr6o3sfo6622tma2f8jo34.apps.googleusercontent.com",
              "client_type": 3
            }
          ]
        }
      }
    }
  ],
  "configuration_version": "1"
}